frame,timestamp,wall_clock_time,gesture,confidence,threshold,raw_gesture
0,0.0,0.7872178554534912,NoGesture,0.0,0.8,NoGesture
1,0.05,0.9204671382904053,NoGesture,0.0,0.8,NoGesture
2,0.1,0.9729797840118408,NoGesture,0.0,0.8,NoGesture
3,0.15,1.0171451568603516,NoGesture,0.0,0.8,NoGesture
4,0.2,1.063145399093628,NOGESTURE,0.8356215287042222,0.8,NOGESTURE
5,0.25,1.1086537837982178,NOGESTURE,0.8751314842261472,0.8,NOGESTURE
6,0.3,1.1536533832550049,NOGESTURE,0.8680363703245907,0.8,NOGESTURE
7,0.35,1.1986558437347412,NOGESTURE,0.8823062999550191,0.8,NOGESTURE
8,0.4,1.2447545528411865,NOGESTURE,0.9002462635593216,0.8,NOGESTURE
9,0.45,1.28975510597229,NOGESTURE,0.8746704265359841,0.8,NOGESTURE
10,0.5,1.3367679119110107,NOGESTURE,0.8525701716667925,0.8,NOGESTURE
11,0.55,1.3953323364257812,NOGESTURE,0.8444687697462602,0.8,NOGESTURE
12,0.6,1.4414074420928955,NOGESTURE,0.8352246572176862,0.8,NOGESTURE
13,0.65,1.4871785640716553,NOGESTURE,0.854891838385554,0.8,NOGESTURE
14,0.7,1.5331964492797852,NOGESTURE,0.8410583241373291,0.8,NOGESTURE
15,0.75,1.5781962871551514,NOGESTURE,0.8930327739879381,0.8,NOGESTURE
16,0.8,1.6232106685638428,NOGESTURE,0.8780223412267931,0.8,NOGESTURE
17,0.85,1.6841940879821777,NOGESTURE,0.885750536785618,0.8,NOGESTURE
18,0.9,1.7297029495239258,NOGESTURE,0.9103402178482956,0.8,NOGESTURE
19,0.95,1.77470064163208,NOGESTURE,0.8876006626745874,0.8,NOGESTURE
20,1.0,1.8197143077850342,NOGESTURE,0.9145468427797182,0.8,NOGESTURE
21,1.05,1.8652679920196533,NOGESTURE,0.9106149176077608,0.8,NOGESTURE
22,1.1,1.9107766151428223,NOGESTURE,0.9385034060152667,0.8,NOGESTURE
23,1.15,1.9722919464111328,NOGESTURE,0.9622022501379623,0.8,NOGESTURE
24,1.2,2.0177998542785645,NOGESTURE,0.933123877648873,0.8,NOGESTURE
25,1.25,2.062800407409668,NOGESTURE,0.8978874538988502,0.8,NOGESTURE
26,1.3,2.1088619232177734,NOGESTURE,0.887272158449754,0.8,NOGESTURE
27,1.35,2.1688618659973145,NOGESTURE,0.8624333708326001,0.8,NOGESTURE
28,1.4,2.2143704891204834,NOGESTURE,0.8754774701801744,0.8,NOGESTURE
29,1.45,2.2742762565612793,NOGESTURE,0.8970927802385879,0.8,NOGESTURE
30,1.5,2.3354246616363525,NoGesture,0.0,0.8,NoGesture
31,1.55,2.410511016845703,NoGesture,0.0,0.8,NoGesture
32,1.6,2.4721500873565674,NoGesture,0.0,0.8,NoGesture
33,1.65,2.5471785068511963,NoGesture,0.0,0.8,NoGesture
34,1.7,2.606686592102051,NoGesture,0.0,0.8,NoGesture
35,1.75,2.6977038383483887,NoGesture,0.0,0.8,NoGesture
36,1.8,2.7893264293670654,NoGesture,0.0,0.8,NoGesture
37,1.85,2.849834442138672,NoGesture,0.0,0.8,NoGesture
38,1.9,2.9248499870300293,NoGesture,0.0,0.8,NoGesture
39,1.95,2.986358165740967,NoGesture,0.0,0.8,NoGesture
40,2.0,3.0475897789001465,NoGesture,0.0,0.8,NoGesture
41,2.05,3.122098207473755,GESTURE,0.8241120828475793,0.8,GESTURE
42,2.1,3.198700189590454,GESTURE,0.8493142077243692,0.8,GESTURE
43,2.15,3.2592051029205322,GESTURE,0.9289221973415075,0.8,GESTURE
44,2.2,3.336714744567871,GESTURE,0.9176001167086301,0.8,GESTURE
45,2.25,3.409865379333496,GESTURE,0.8464923106346667,0.8,GESTURE
46,2.3,3.485867500305176,GESTURE,0.8445393331088309,0.8,GESTURE
47,2.35,3.5625486373901367,GESTURE,0.8864122574418881,0.8,GESTURE
48,2.4,3.6235618591308594,GESTURE,0.8335429010601111,0.8,GESTURE
49,2.45,3.697580575942993,NoGesture,0.0,0.8,NoGesture
50,2.5,3.7589504718780518,NoGesture,0.0,0.8,NoGesture
51,2.55,3.823137044906616,NoGesture,0.0,0.8,NoGesture
52,2.6,3.88051438331604,GESTURE,0.8957600768379448,0.8,GESTURE
53,2.65,3.9410314559936523,GESTURE,0.9165264454048845,0.8,GESTURE
54,2.7,4.002115726470947,GESTURE,0.9420668315718684,0.8,GESTURE
55,2.75,4.063655138015747,GESTURE,0.9447515242316425,0.8,GESTURE
56,2.8,4.137887954711914,GESTURE,0.859444327821302,0.8,GESTURE
57,2.85,4.228898286819458,NoGesture,0.0,0.8,NoGesture
58,2.9,4.288900375366211,NoGesture,0.0,0.8,NoGesture
59,2.95,4.366180896759033,NoGesture,0.0,0.8,NoGesture
60,3.0,4.440460920333862,NoGesture,0.0,0.8,NoGesture
61,3.05,4.501973867416382,NoGesture,0.0,0.8,NoGesture
62,3.1,4.5770556926727295,NoGesture,0.0,0.8,NoGesture
63,3.15,4.653815031051636,NoGesture,0.0,0.8,NoGesture
64,3.2,4.713872909545898,NoGesture,0.0,0.8,NoGesture
65,3.25,4.789446592330933,NOGESTURE,0.8492508846734352,0.8,NOGESTURE
66,3.3,4.865522861480713,NOGESTURE,0.8001090013122139,0.8,NOGESTURE
67,3.35,4.9260334968566895,NOGESTURE,0.8673070022215209,0.8,NOGESTURE
68,3.4,5.001610517501831,NOGESTURE,0.8422217763578035,0.8,NOGESTURE
69,3.45,5.062696933746338,NOGESTURE,0.8587680552205974,0.8,NOGESTURE
70,3.5,5.122774362564087,NOGESTURE,0.8479472467538576,0.8,NOGESTURE
71,3.55,5.182955026626587,NoGesture,0.0,0.8,NoGesture
72,3.6,5.259026050567627,NoGesture,0.0,0.8,NoGesture
73,3.65,5.32253360748291,NoGesture,0.0,0.8,NoGesture
74,3.7,5.382164716720581,NoGesture,0.0,0.8,NoGesture
75,3.75,5.444749593734741,NoGesture,0.0,0.8,NoGesture
76,3.8,5.519012451171875,NoGesture,0.0,0.8,NoGesture
77,3.85,5.578556299209595,NoGesture,0.0,0.8,NoGesture
78,3.9,5.656798601150513,NoGesture,0.0,0.8,NoGesture
79,3.95,5.714864253997803,NoGesture,0.0,0.8,NoGesture
80,4.0,5.790430784225464,NoGesture,0.0,0.8,NoGesture
81,4.05,5.851939678192139,NoGesture,0.0,0.8,NoGesture
82,4.1,5.927993535995483,NoGesture,0.0,0.8,NoGesture
83,4.15,5.988501310348511,NoGesture,0.0,0.8,NoGesture
84,4.2,6.063705205917358,NoGesture,0.0,0.8,NoGesture
85,4.25,6.138997316360474,NoGesture,0.0,0.8,NoGesture
86,4.3,6.213079929351807,NoGesture,0.0,0.8,NoGesture
87,4.35,6.274080276489258,NoGesture,0.0,0.8,NoGesture
88,4.4,6.335648536682129,NoGesture,0.0,0.8,NoGesture
89,4.45,6.395214319229126,NoGesture,0.0,0.8,NoGesture
90,4.5,6.45680570602417,NoGesture,0.0,0.8,NoGesture
91,4.55,6.518956184387207,GESTURE,0.8109286983348354,0.8,GESTURE
92,4.6,6.58005690574646,GESTURE,0.8941580959309655,0.8,GESTURE
93,4.65,6.655736207962036,GESTURE,0.9228755896517743,0.8,GESTURE
94,4.7,6.71524453163147,GESTURE,0.940814399297544,0.8,GESTURE
95,4.75,6.776750087738037,GESTURE,0.9347587919498964,0.8,GESTURE
96,4.8,6.86826753616333,GESTURE,0.908003387173185,0.8,GESTURE
97,4.85,6.928776025772095,GESTURE,0.923932401441066,0.8,GESTURE
98,4.9,6.989609718322754,GESTURE,0.9209313882741432,0.8,GESTURE
99,4.95,7.050117492675781,GESTURE,0.9016655171725654,0.8,GESTURE
100,5.0,7.112131595611572,GESTURE,0.8382441816075992,0.8,GESTURE
101,5.05,7.17113184928894,NoGesture,0.0,0.8,NoGesture
102,5.1,7.24715256690979,NoGesture,0.0,0.8,NoGesture
103,5.15,7.30766224861145,NoGesture,0.0,0.8,NoGesture
104,5.2,7.383391380310059,NoGesture,0.0,0.8,NoGesture
105,5.25,7.459914445877075,NoGesture,0.0,0.8,NoGesture
106,5.3,7.520414113998413,NoGesture,0.0,0.8,NoGesture
107,5.35,7.582414150238037,NoGesture,0.0,0.8,NoGesture
108,5.4,7.641932487487793,NoGesture,0.0,0.8,NoGesture
109,5.45,7.716447114944458,NoGesture,0.0,0.8,NoGesture
110,5.5,7.792446851730347,NOGESTURE,0.8214007730846679,0.8,NOGESTURE
111,5.55,7.869956731796265,NOGESTURE,0.8327794506277009,0.8,NOGESTURE
112,5.6,7.927969694137573,NoGesture,0.0,0.8,NoGesture
113,5.65,7.988344430923462,NoGesture,0.0,0.8,NoGesture
114,5.7,8.049358367919922,NoGesture,0.0,0.8,NoGesture
115,5.75,8.109862804412842,NoGesture,0.0,0.8,NoGesture
116,5.8,8.185876607894897,NoGesture,0.0,0.8,NoGesture
117,5.85,8.276890516281128,NoGesture,0.0,0.8,NoGesture
118,5.9,8.339903593063354,NoGesture,0.0,0.8,NoGesture
119,5.95,8.428916931152344,NoGesture,0.0,0.8,NoGesture
120,6.0,8.488934993743896,NOGESTURE,0.8625734685438168,0.8,NOGESTURE
121,6.05,8.53856635093689,NOGESTURE,0.9232568036891937,0.8,NOGESTURE
122,6.1,8.610576391220093,NOGESTURE,0.9055463303702533,0.8,NOGESTURE
123,6.15,8.672594785690308,NOGESTURE,0.9352072833549653,0.8,NOGESTURE
124,6.2,8.7476065158844,NOGESTURE,0.949348961602209,0.8,NOGESTURE
125,6.25,8.816627264022827,NOGESTURE,0.9551285190828277,0.8,NOGESTURE
126,6.3,8.872128963470459,NOGESTURE,0.9398945004097853,0.8,NOGESTURE
127,6.35,8.94664192199707,NOGESTURE,0.9483301961817772,0.8,NOGESTURE
128,6.4,8.998657703399658,NOGESTURE,0.9545686116630686,0.8,NOGESTURE
129,6.45,9.063163042068481,NOGESTURE,0.9647596092128655,0.8,NOGESTURE
130,6.5,9.112679719924927,NOGESTURE,0.950311015317098,0.8,NOGESTURE
131,6.55,9.178247928619385,NOGESTURE,0.9624905702418043,0.8,NOGESTURE
132,6.6,9.234264135360718,NOGESTURE,0.9547645280087564,0.8,NOGESTURE
133,6.65,9.328230619430542,NOGESTURE,0.9618773475629601,0.8,NOGESTURE
134,6.7,9.729759216308594,NOGESTURE,0.9570962821005399,0.8,NOGESTURE
135,6.75,9.779754400253296,NOGESTURE,0.9490690958434392,0.8,NOGESTURE
136,6.8,9.840771198272705,NOGESTURE,0.9629587545613106,0.8,NOGESTURE
137,6.85,9.88577151298523,NOGESTURE,0.9603586190490224,0.8,NOGESTURE
138,6.9,9.93128514289856,NOGESTURE,0.969756267271039,0.8,NOGESTURE
139,6.95,9.992296695709229,NOGESTURE,0.9680849980432024,0.8,NOGESTURE
140,7.0,10.03780460357666,NOGESTURE,0.9450650946342588,0.8,NOGESTURE
141,7.05,10.083309888839722,NOGESTURE,0.9552729957696214,0.8,NOGESTURE
142,7.1,10.128817081451416,NOGESTURE,0.9601749744936509,0.8,NOGESTURE
143,7.15,10.189322710037231,NOGESTURE,0.9740429677591931,0.8,NOGESTURE
144,7.2,10.234830856323242,NOGESTURE,0.9684129499421704,0.8,NOGESTURE
145,7.25,10.280336141586304,NOGESTURE,0.9082610208390605,0.8,NOGESTURE
146,7.3,10.32784366607666,NOGESTURE,0.8536162991016285,0.8,NOGESTURE
147,7.35,10.386351823806763,NoGesture,0.0,0.8,NoGesture
148,7.4,10.447869539260864,NoGesture,0.0,0.8,NoGesture
149,7.45,10.508894681930542,NoGesture,0.0,0.8,NoGesture
150,7.5,10.554399967193604,NoGesture,0.0,0.8,NoGesture
151,7.55,10.600907325744629,NoGesture,0.0,0.8,NoGesture
152,7.6,10.6455237865448,NoGesture,0.0,0.8,NoGesture
153,7.65,10.69183874130249,NoGesture,0.0,0.8,NoGesture
154,7.7,10.737346887588501,NoGesture,0.0,0.8,NoGesture
155,7.75,10.782347202301025,NoGesture,0.0,0.8,NoGesture
156,7.8,10.858361959457397,NoGesture,0.0,0.8,NoGesture
157,7.85,10.951088190078735,NoGesture,0.0,0.8,NoGesture
158,7.9,11.041102886199951,NoGesture,0.0,0.8,NoGesture
159,7.95,11.116112470626831,NoGesture,0.0,0.8,NoGesture
160,8.0,11.192112922668457,NoGesture,0.0,0.8,NoGesture
161,8.05,11.252133846282959,GESTURE,0.8900946126162852,0.8,GESTURE
162,8.1,11.327157258987427,GESTURE,0.81234385844432,0.8,GESTURE
163,8.15,11.403159141540527,NoGesture,0.0,0.8,NoGesture
164,8.2,11.463676452636719,NoGesture,0.0,0.8,NoGesture
165,8.25,11.540076971054077,NoGesture,0.0,0.8,NoGesture
166,8.3,11.614583969116211,NoGesture,0.0,0.8,NoGesture
167,8.35,11.67608904838562,NoGesture,0.0,0.8,NoGesture
168,8.4,11.752102851867676,NoGesture,0.0,0.8,NoGesture
169,8.45,11.828116416931152,NoGesture,0.0,0.8,NoGesture
170,8.5,11.888621807098389,GESTURE,0.8274460663558001,0.8,GESTURE
171,8.55,11.979146242141724,GESTURE,0.8562533808574758,0.8,GESTURE
172,8.6,12.039153099060059,GESTURE,0.8647443105858051,0.8,GESTURE
173,8.65,12.113667726516724,GESTURE,0.9012130539692891,0.8,GESTURE
174,8.7,12.189863681793213,GESTURE,0.9110066323836423,0.8,GESTURE
175,8.75,12.250876903533936,GESTURE,0.9331981519890041,0.8,GESTURE
176,8.8,12.326569318771362,GESTURE,0.9391306340322447,0.8,GESTURE
177,8.85,12.403075933456421,GESTURE,0.9591596988295258,0.8,GESTURE
178,8.9,12.464094400405884,GESTURE,0.9300656188251523,0.8,GESTURE
179,8.95,12.540618658065796,GESTURE,0.9191957391690826,0.8,GESTURE
180,9.0,12.61566424369812,GESTURE,0.8708237101591916,0.8,GESTURE
181,9.05,12.692168951034546,NoGesture,0.0,0.8,NoGesture
182,9.1,12.753182888031006,NoGesture,0.0,0.8,NoGesture
183,9.15,12.827823400497437,NoGesture,0.0,0.8,NoGesture
184,9.2,12.889823198318481,NoGesture,0.0,0.8,NoGesture
185,9.25,12.951345443725586,NoGesture,0.0,0.8,NoGesture
186,9.3,13.010347843170166,NoGesture,0.0,0.8,NoGesture
187,9.35,13.070856094360352,NoGesture,0.0,0.8,NoGesture
188,9.4,13.145869255065918,NoGesture,0.0,0.8,NoGesture
189,9.45,13.221375942230225,NoGesture,0.0,0.8,NoGesture
190,9.5,13.281884670257568,NoGesture,0.0,0.8,NoGesture
191,9.55,13.357871770858765,NoGesture,0.0,0.8,NoGesture
192,9.6,13.417933940887451,NoGesture,0.0,0.8,NoGesture
193,9.65,13.494951963424683,GESTURE,0.8080198679298318,0.8,GESTURE
194,9.7,13.586160898208618,GESTURE,0.8713549778619739,0.8,GESTURE
195,9.75,13.646681070327759,GESTURE,0.9088277103674549,0.8,GESTURE
196,9.8,13.70768404006958,GESTURE,0.9296865892399211,0.8,GESTURE
197,9.85,13.768203020095825,GESTURE,0.9359906562411351,0.8,GESTURE
198,9.9,13.843714475631714,GESTURE,0.9524679805087818,0.8,GESTURE
199,9.95,13.920730113983154,GESTURE,0.957808773679194,0.8,GESTURE
200,10.0,13.980446100234985,GESTURE,0.9451264337626754,0.8,GESTURE
201,10.05,14.056954622268677,GESTURE,0.8821838135703904,0.8,GESTURE
202,10.1,14.132976531982422,GESTURE,0.9072951375355516,0.8,GESTURE
203,10.15,14.20848560333252,GESTURE,0.941453624964702,0.8,GESTURE
204,10.2,14.268991947174072,GESTURE,0.9458709163742018,0.8,GESTURE
205,10.25,14.330008506774902,GESTURE,0.9462086613464379,0.8,GESTURE
206,10.3,14.390008211135864,GESTURE,0.9462335799405343,0.8,GESTURE
207,10.35,14.45052456855774,GESTURE,0.9283872027782399,0.8,GESTURE
208,10.4,14.510370016098022,GESTURE,0.8797807283104946,0.8,GESTURE
209,10.45,14.570875883102417,NoGesture,0.0,0.8,NoGesture
210,10.5,14.646898984909058,NoGesture,0.0,0.8,NoGesture
211,10.55,14.706902027130127,NoGesture,0.0,0.8,NoGesture
212,10.6,14.767536640167236,NoGesture,0.0,0.8,NoGesture
213,10.65,14.827550172805786,NoGesture,0.0,0.8,NoGesture
214,10.7,14.920060157775879,NoGesture,0.0,0.8,NoGesture
215,10.75,14.993076801300049,NoGesture,0.0,0.8,NoGesture
216,10.8,15.05409288406372,NoGesture,0.0,0.8,NoGesture
217,10.85,15.126989841461182,NoGesture,0.0,0.8,NoGesture
218,10.9,15.189496755599976,NoGesture,0.0,0.8,NoGesture
219,10.95,15.265175104141235,NoGesture,0.0,0.8,NoGesture
220,11.0,15.325683832168579,NoGesture,0.0,0.8,NoGesture
221,11.05,15.401189088821411,NoGesture,0.0,0.8,NoGesture
222,11.1,15.464708805084229,NoGesture,0.0,0.8,NoGesture
223,11.15,15.525232076644897,NoGesture,0.0,0.8,NoGesture
224,11.2,15.598740577697754,NoGesture,0.0,0.8,NoGesture
225,11.25,15.67525839805603,NoGesture,0.0,0.8,NoGesture
226,11.3,15.767271995544434,NoGesture,0.0,0.8,NoGesture
227,11.35,15.841286659240723,NoGesture,0.0,0.8,NoGesture
228,11.4,15.918130159378052,NoGesture,0.0,0.8,NoGesture
229,11.45,15.993144989013672,NoGesture,0.0,0.8,NoGesture
230,11.5,16.06817317008972,NoGesture,0.0,0.8,NoGesture
231,11.55,16.128527641296387,NoGesture,0.0,0.8,NoGesture
232,11.6,16.188527822494507,NoGesture,0.0,0.8,NoGesture
233,11.65,16.26514959335327,NoGesture,0.0,0.8,NoGesture
234,11.7,16.343671321868896,NoGesture,0.0,0.8,NoGesture
235,11.75,16.401671171188354,NoGesture,0.0,0.8,NoGesture
236,11.8,16.462682485580444,NoGesture,0.0,0.8,NoGesture
237,11.85,16.523266315460205,NoGesture,0.0,0.8,NoGesture
238,11.9,16.600269317626953,NoGesture,0.0,0.8,NoGesture
239,11.95,16.658786296844482,NoGesture,0.0,0.8,NoGesture
240,12.0,16.73380732536316,NoGesture,0.0,0.8,NoGesture
241,12.05,16.79380750656128,NoGesture,0.0,0.8,NoGesture
242,12.1,16.854409217834473,NoGesture,0.0,0.8,NoGesture
243,12.15,16.945430040359497,NoGesture,0.0,0.8,NoGesture
244,12.2,17.021445989608765,NoGesture,0.0,0.8,NoGesture
245,12.25,17.096951007843018,NoGesture,0.0,0.8,NoGesture
246,12.3,17.172963619232178,NoGesture,0.0,0.8,NoGesture
247,12.35,17.247987747192383,NoGesture,0.0,0.8,NoGesture
248,12.4,17.323283910751343,NoGesture,0.0,0.8,NoGesture
249,12.45,17.383790731430054,NoGesture,0.0,0.8,NoGesture
250,12.5,17.45950174331665,NoGesture,0.0,0.8,NoGesture
251,12.55,17.520368337631226,NoGesture,0.0,0.8,NoGesture
252,12.6,17.58187437057495,NoGesture,0.0,0.8,NoGesture
253,12.65,17.65789008140564,NoGesture,0.0,0.8,NoGesture
254,12.7,17.720409631729126,NoGesture,0.0,0.8,NoGesture
255,12.75,17.779411792755127,NoGesture,0.0,0.8,NoGesture
256,12.8,17.854851007461548,NoGesture,0.0,0.8,NoGesture
257,12.85,17.945868253707886,NoGesture,0.0,0.8,NoGesture
258,12.9,18.00888466835022,NoGesture,0.0,0.8,NoGesture
259,12.95,18.068029403686523,NoGesture,0.0,0.8,NoGesture
260,13.0,18.125404119491577,NoGesture,0.0,0.8,NoGesture
261,13.05,18.19017744064331,NoGesture,0.0,0.8,NoGesture
262,13.1,18.28118896484375,NoGesture,0.0,0.8,NoGesture
263,13.15,18.343703985214233,NoGesture,0.0,0.8,NoGesture
264,13.2,18.40170407295227,GESTURE,0.8265764144287193,0.8,GESTURE
265,13.25,18.46222233772278,GESTURE,0.8431304236600122,0.8,GESTURE
266,13.3,18.52324366569519,NoGesture,0.0,0.8,NoGesture
267,13.35,18.58423924446106,NoGesture,0.0,0.8,NoGesture
268,13.4,18.66025471687317,NoGesture,0.0,0.8,NoGesture
269,13.45,18.71976327896118,NoGesture,0.0,0.8,NoGesture
270,13.5,18.79677677154541,NoGesture,0.0,0.8,NoGesture
271,13.55,18.858420372009277,NoGesture,0.0,0.8,NoGesture
272,13.6,18.917929649353027,NoGesture,0.0,0.8,NoGesture
273,13.65,19.008946895599365,NoGesture,0.0,0.8,NoGesture
274,13.7,19.084467887878418,NoGesture,0.0,0.8,NoGesture
275,13.75,19.159976720809937,NoGesture,0.0,0.8,NoGesture
276,13.8,19.219992637634277,NoGesture,0.0,0.8,NoGesture
277,13.85,19.29695725440979,GESTURE,0.807555031926026,0.8,GESTURE
278,13.9,19.387611389160156,GESTURE,0.8530594117030068,0.8,GESTURE
279,13.95,19.44862461090088,GESTURE,0.8849562807385121,0.8,GESTURE
280,14.0,19.509140729904175,GESTURE,0.8618439490560948,0.8,GESTURE
281,14.05,19.569647073745728,GESTURE,0.8242585357426245,0.8,GESTURE
282,14.1,19.630666255950928,NoGesture,0.0,0.8,NoGesture
283,14.15,19.691172122955322,GESTURE,0.8477254839101117,0.8,GESTURE
284,14.2,19.767186403274536,NoGesture,0.0,0.8,NoGesture
285,14.25,19.8431978225708,GESTURE,0.8570041131726617,0.8,GESTURE
286,14.3,19.934210300445557,GESTURE,0.8128809563314258,0.8,GESTURE
287,14.35,19.995224952697754,GESTURE,0.883929491407848,0.8,GESTURE
288,14.4,20.05524778366089,GESTURE,0.896429033410623,0.8,GESTURE
289,14.45,20.114753246307373,GESTURE,0.9265068380509193,0.8,GESTURE
290,14.5,20.19087862968445,GESTURE,0.9438037069928839,0.8,GESTURE
291,14.55,20.25071120262146,GESTURE,0.9306641472846292,0.8,GESTURE
292,14.6,20.31071448326111,GESTURE,0.9075121796923514,0.8,GESTURE
293,14.65,20.371726512908936,GESTURE,0.88374092575532,0.8,GESTURE
294,14.7,20.448371171951294,GESTURE,0.8447719807909833,0.8,GESTURE
295,14.75,20.524385452270508,NoGesture,0.0,0.8,NoGesture
296,14.8,20.58548355102539,NoGesture,0.0,0.8,NoGesture
297,14.85,20.664005041122437,NoGesture,0.0,0.8,NoGesture
298,14.9,20.738024711608887,NoGesture,0.0,0.8,NoGesture
299,14.95,20.798530340194702,NoGesture,0.0,0.8,NoGesture
300,15.0,20.859039068222046,NoGesture,0.0,0.8,NoGesture
301,15.05,20.950059413909912,NoGesture,0.0,0.8,NoGesture
302,15.1,21.026581287384033,NoGesture,0.0,0.8,NoGesture
303,15.15,21.086912393569946,NoGesture,0.0,0.8,NoGesture
304,15.2,21.162503004074097,NoGesture,0.0,0.8,NoGesture
305,15.25,21.24051809310913,NoGesture,0.0,0.8,NoGesture
306,15.3,21.31458020210266,NoGesture,0.0,0.8,NoGesture
307,15.35,21.39021325111389,GESTURE,0.8260849916197275,0.8,GESTURE
308,15.4,21.451744079589844,NoGesture,0.0,0.8,NoGesture
309,15.45,21.52781081199646,NoGesture,0.0,0.8,NoGesture
310,15.5,21.603933572769165,NoGesture,0.0,0.8,NoGesture
311,15.55,21.69545030593872,NoGesture,0.0,0.8,NoGesture
312,15.6,21.77046227455139,NoGesture,0.0,0.8,NoGesture
313,15.65,21.83498239517212,NoGesture,0.0,0.8,NoGesture
314,15.7,21.890982627868652,NoGesture,0.0,0.8,NoGesture
315,15.75,21.951507568359375,NoGesture,0.0,0.8,NoGesture
316,15.8,22.010998964309692,NoGesture,0.0,0.8,NoGesture
317,15.85,22.086645364761353,NoGesture,0.0,0.8,NoGesture
318,15.9,22.1467342376709,NoGesture,0.0,0.8,NoGesture
319,15.95,22.221006631851196,NoGesture,0.0,0.8,NoGesture
320,16.0,22.296786785125732,NoGesture,0.0,0.8,NoGesture
321,16.05,22.357982873916626,NoGesture,0.0,0.8,NoGesture
322,16.1,22.434406995773315,NoGesture,0.0,0.8,NoGesture
323,16.15,22.5101215839386,NoGesture,0.0,0.8,NoGesture
324,16.2,22.586122751235962,NoGesture,0.0,0.8,NoGesture
325,16.25,22.679274082183838,NoGesture,0.0,0.8,NoGesture
326,16.3,22.75253438949585,NoGesture,0.0,0.8,NoGesture
327,16.35,22.827412843704224,NoGesture,0.0,0.8,NoGesture
328,16.4,22.903806447982788,NoGesture,0.0,0.8,NoGesture
329,16.45,22.96468186378479,NoGesture,0.0,0.8,NoGesture
330,16.5,23.02400016784668,NoGesture,0.0,0.8,NoGesture
331,16.55,23.101118564605713,NoGesture,0.0,0.8,NoGesture
332,16.6,23.17675018310547,NoGesture,0.0,0.8,NoGesture
333,16.65,23.237046003341675,NoGesture,0.0,0.8,NoGesture
334,16.7,23.312172651290894,NoGesture,0.0,0.8,NoGesture
335,16.75,23.38767910003662,NoGesture,0.0,0.8,NoGesture
336,16.8,23.44858694076538,NoGesture,0.0,0.8,NoGesture
337,16.85,23.508172512054443,NoGesture,0.0,0.8,NoGesture
338,16.9,23.58607268333435,NoGesture,0.0,0.8,NoGesture
339,16.95,23.64605975151062,NoGesture,0.0,0.8,NoGesture
340,17.0,23.73749589920044,NoGesture,0.0,0.8,NoGesture
341,17.05,23.79812264442444,NoGesture,0.0,0.8,NoGesture
342,17.1,23.858403205871582,NoGesture,0.0,0.8,NoGesture
343,17.15,23.920324087142944,NoGesture,0.0,0.8,NoGesture
344,17.2,23.994832038879395,NoGesture,0.0,0.8,NoGesture
345,17.25,24.07221508026123,NOGESTURE,0.8247475952009339,0.8,NOGESTURE
346,17.3,24.128116607666016,NoGesture,0.0,0.8,NoGesture
347,17.35,24.19111680984497,NoGesture,0.0,0.8,NoGesture
348,17.4,24.251447200775146,NoGesture,0.0,0.8,NoGesture
349,17.45,24.327101945877075,NoGesture,0.0,0.8,NoGesture
350,17.5,24.388036966323853,NoGesture,0.0,0.8,NoGesture
351,17.55,24.44893765449524,NoGesture,0.0,0.8,NoGesture
352,17.6,24.52437424659729,NoGesture,0.0,0.8,NoGesture
353,17.65,24.601266622543335,NoGesture,0.0,0.8,NoGesture
354,17.7,24.692201137542725,NoGesture,0.0,0.8,NoGesture
355,17.75,24.752473831176758,NoGesture,0.0,0.8,NoGesture
356,17.8,24.812150239944458,NoGesture,0.0,0.8,NoGesture
357,17.85,24.87265920639038,NoGesture,0.0,0.8,NoGesture
358,17.9,24.931005716323853,NoGesture,0.0,0.8,NoGesture
359,17.95,25.00727128982544,NoGesture,0.0,0.8,NoGesture
360,18.0,25.069929122924805,GESTURE,0.8008449658641321,0.8,GESTURE
361,18.05,25.161109447479248,GESTURE,0.8763045517280886,0.8,GESTURE
362,18.1,25.2370023727417,GESTURE,0.8762383850243435,0.8,GESTURE
363,18.15,25.311336994171143,GESTURE,0.8483231959896151,0.8,GESTURE
364,18.2,25.386561632156372,NoGesture,0.0,0.8,NoGesture
365,18.25,25.448698043823242,NoGesture,0.0,0.8,NoGesture
366,18.3,25.507996797561646,NoGesture,0.0,0.8,NoGesture
367,18.35,25.569597721099854,NoGesture,0.0,0.8,NoGesture
368,18.4,25.645763397216797,NoGesture,0.0,0.8,NoGesture
369,18.45,25.72177791595459,NoGesture,0.0,0.8,NoGesture
370,18.5,25.785250663757324,NoGesture,0.0,0.8,NoGesture
371,18.55,25.856412410736084,NoGesture,0.0,0.8,NoGesture
372,18.6,25.91842269897461,NoGesture,0.0,0.8,NoGesture
373,18.65,25.99281334877014,NoGesture,0.0,0.8,NoGesture
374,18.7,26.053075075149536,NoGesture,0.0,0.8,NoGesture
375,18.75,26.113079071044922,NoGesture,0.0,0.8,NoGesture
376,18.8,26.20353865623474,NoGesture,0.0,0.8,NoGesture
377,18.85,26.264705419540405,NoGesture,0.0,0.8,NoGesture
378,18.9,26.340730905532837,NoGesture,0.0,0.8,NoGesture
379,18.95,26.40061902999878,NoGesture,0.0,0.8,NoGesture
380,19.0,26.46282148361206,NoGesture,0.0,0.8,NoGesture
381,19.05,26.5234534740448,NoGesture,0.0,0.8,NoGesture
382,19.1,26.5842547416687,NoGesture,0.0,0.8,NoGesture
383,19.15,26.659260034561157,NoGesture,0.0,0.8,NoGesture
384,19.2,26.718764543533325,NoGesture,0.0,0.8,NoGesture
385,19.25,26.79444432258606,NoGesture,0.0,0.8,NoGesture
386,19.3,26.85595202445984,NoGesture,0.0,0.8,NoGesture
387,19.35,26.931992053985596,GESTURE,0.8845801453986536,0.8,GESTURE
388,19.4,26.992499589920044,GESTURE,0.9128248839611867,0.8,GESTURE
389,19.45,27.067728996276855,GESTURE,0.9344919130030488,0.8,GESTURE
390,19.5,27.125997304916382,GESTURE,0.9245998978163326,0.8,GESTURE
391,19.55,27.188590049743652,NoGesture,0.0,0.8,NoGesture
392,19.6,27.24952530860901,NoGesture,0.0,0.8,NoGesture
393,19.65,27.3108549118042,NoGesture,0.0,0.8,NoGesture
394,19.7,27.37017560005188,NoGesture,0.0,0.8,NoGesture
395,19.75,27.446277141571045,NoGesture,0.0,0.8,NoGesture
396,19.8,27.521347761154175,NoGesture,0.0,0.8,NoGesture
397,19.85,27.612350940704346,NoGesture,0.0,0.8,NoGesture
398,19.9,27.687378406524658,NoGesture,0.0,0.8,NoGesture
399,19.95,27.747704029083252,NoGesture,0.0,0.8,NoGesture
400,20.0,27.82221245765686,NOGESTURE,0.8198551556073117,0.8,NOGESTURE
401,20.05,27.898585081100464,NOGESTURE,0.87251557293038,0.8,NOGESTURE
402,20.1,27.958635807037354,NoGesture,0.0,0.8,NoGesture
403,20.15,28.05014395713806,NoGesture,0.0,0.8,NoGesture
404,20.2,28.11070442199707,NoGesture,0.0,0.8,NoGesture
405,20.25,28.170804500579834,NoGesture,0.0,0.8,NoGesture
406,20.3,28.263312101364136,NoGesture,0.0,0.8,NoGesture
407,20.35,28.35130524635315,NoGesture,0.0,0.8,NoGesture
408,20.4,28.413515090942383,GESTURE,0.8150796885927543,0.8,GESTURE
409,20.45,28.48885679244995,GESTURE,0.8850319880605076,0.8,GESTURE
410,20.5,28.551869869232178,GESTURE,0.9004359317916963,0.8,GESTURE
411,20.55,28.610543251037598,GESTURE,0.9009627813410103,0.8,GESTURE
412,20.6,28.68584370613098,GESTURE,0.852603597487842,0.8,GESTURE
413,20.65,28.761179208755493,GESTURE,0.8811448344106199,0.8,GESTURE
414,20.7,28.82292079925537,GESTURE,0.8418047923664987,0.8,GESTURE
415,20.75,28.88292121887207,GESTURE,0.8796122072834364,0.8,GESTURE
416,20.8,28.943562269210815,GESTURE,0.8917462381751058,0.8,GESTURE
417,20.85,29.004628658294678,GESTURE,0.8929061888104756,0.8,GESTURE
418,20.9,29.065134286880493,GESTURE,0.9087937151269179,0.8,GESTURE
419,20.95,29.14056921005249,GESTURE,0.9041774735777449,0.8,GESTURE
420,21.0,29.192569255828857,GESTURE,0.9051015284451638,0.8,GESTURE
421,21.05,29.2467098236084,GESTURE,0.9028890822851932,0.8,GESTURE
422,21.1,29.323373079299927,GESTURE,0.9088952425350252,0.8,GESTURE
423,21.15,29.399828672409058,GESTURE,0.9171251944782206,0.8,GESTURE
424,21.2,29.48902678489685,GESTURE,0.8272294103335398,0.8,GESTURE
425,21.25,29.552040100097656,GESTURE,0.838506271867424,0.8,GESTURE
426,21.3,29.626548767089844,GESTURE,0.8624834587914479,0.8,GESTURE
427,21.35,29.68854856491089,GESTURE,0.8621217168149661,0.8,GESTURE
428,21.4,29.79668402671814,GESTURE,0.8736041114401653,0.8,GESTURE
429,21.45,29.869483947753906,GESTURE,0.9047867001345103,0.8,GESTURE
430,21.5,29.943994760513306,GESTURE,0.8966001185551442,0.8,GESTURE
431,21.55,30.00665593147278,GESTURE,0.8893774184827014,0.8,GESTURE
432,21.6,30.06666588783264,GESTURE,0.877552376352795,0.8,GESTURE
433,21.65,30.124175310134888,GESTURE,0.880950702345429,0.8,GESTURE
434,21.7,30.189297676086426,GESTURE,0.8694084587192678,0.8,GESTURE
435,21.75,30.247807264328003,GESTURE,0.8575083150938941,0.8,GESTURE
436,21.8,30.308315992355347,NoGesture,0.0,0.8,NoGesture
437,21.85,30.368821144104004,GESTURE,0.822467241047905,0.8,GESTURE
438,21.9,30.45983862876892,NoGesture,0.0,0.8,NoGesture
439,21.95,30.53935980796814,NoGesture,0.0,0.8,NoGesture
440,22.0,30.61136293411255,NoGesture,0.0,0.8,NoGesture
441,22.05,30.687886476516724,NoGesture,0.0,0.8,NoGesture
442,22.1,30.762902975082397,NoGesture,0.0,0.8,NoGesture
443,22.15,30.83991575241089,NoGesture,0.0,0.8,NoGesture
444,22.2,30.897734880447388,GESTURE,0.8245161869747442,0.8,GESTURE
445,22.25,30.974255561828613,NoGesture,0.0,0.8,NoGesture
446,22.3,31.034765243530273,NoGesture,0.0,0.8,NoGesture
447,22.35,31.09286618232727,GESTURE,0.8937679595440055,0.8,GESTURE
448,22.4,31.172381162643433,GESTURE,0.8682472322405937,0.8,GESTURE
449,22.45,31.262393712997437,GESTURE,0.8816236476181527,0.8,GESTURE
450,22.5,31.32240629196167,GESTURE,0.8732320868969368,0.8,GESTURE
451,22.55,31.38291311264038,GESTURE,0.8941822501336303,0.8,GESTURE
452,22.6,31.44392681121826,GESTURE,0.8743121780664308,0.8,GESTURE
453,22.65,31.49243450164795,GESTURE,0.8614448260922585,0.8,GESTURE
454,22.7,31.581111907958984,GESTURE,0.8452716247245644,0.8,GESTURE
455,22.75,31.64112687110901,GESTURE,0.8297680401649574,0.8,GESTURE
456,22.8,31.701602935791016,GESTURE,0.885898351052259,0.8,GESTURE
457,22.85,31.77761960029602,NoGesture,0.0,0.8,NoGesture
458,22.9,31.85313129425049,NoGesture,0.0,0.8,NoGesture
459,22.95,31.915201902389526,NoGesture,0.0,0.8,NoGesture
460,23.0,31.97572112083435,NoGesture,0.0,0.8,NoGesture
461,23.05,32.03822898864746,NoGesture,0.0,0.8,NoGesture
462,23.1,32.09673070907593,GESTURE,0.8060468911921874,0.8,GESTURE
463,23.15,32.15524220466614,GESTURE,0.8531666901507037,0.8,GESTURE
464,23.2,32.23275947570801,GESTURE,0.8686102710517462,0.8,GESTURE
465,23.25,32.2917594909668,GESTURE,0.8078622880296524,0.8,GESTURE
466,23.3,32.36747145652771,GESTURE,0.8223836614653807,0.8,GESTURE
467,23.35,32.443992137908936,GESTURE,0.8365122727703362,0.8,GESTURE
468,23.4,32.50441122055054,GESTURE,0.8239505584570478,0.8,GESTURE
469,23.45,32.5669322013855,NoGesture,0.0,0.8,NoGesture
470,23.5,32.62594532966614,NoGesture,0.0,0.8,NoGesture
471,23.55,32.68595862388611,NoGesture,0.0,0.8,NoGesture
472,23.6,32.74758791923523,NoGesture,0.0,0.8,NoGesture
473,23.65,32.807586669921875,NoGesture,0.0,0.8,NoGesture
474,23.7,32.86859703063965,NoGesture,0.0,0.8,NoGesture
475,23.75,32.94410753250122,NoGesture,0.0,0.8,NoGesture
476,23.8,33.00511813163757,NoGesture,0.0,0.8,NoGesture
477,23.85,33.08013892173767,GESTURE,0.9167380188688953,0.8,GESTURE
478,23.9,33.14082384109497,GESTURE,0.9570207949061686,0.8,GESTURE
479,23.95,33.20133185386658,GESTURE,0.9388381288585445,0.8,GESTURE
480,24.0,33.261876344680786,GESTURE,0.9372527146893591,0.8,GESTURE
481,24.05,33.32187867164612,NoGesture,0.0,0.8,NoGesture
482,24.1,33.38289022445679,NoGesture,0.0,0.8,NoGesture
483,24.15,33.44390320777893,NoGesture,0.0,0.8,NoGesture
484,24.2,33.52007341384888,NoGesture,0.0,0.8,NoGesture
485,24.25,33.58057880401611,NoGesture,0.0,0.8,NoGesture
486,24.3,33.64155292510986,NoGesture,0.0,0.8,NoGesture
487,24.35,33.71906042098999,NoGesture,0.0,0.8,NoGesture
488,24.4,33.79256510734558,NoGesture,0.0,0.8,NoGesture
489,24.45,33.85408639907837,NoGesture,0.0,0.8,NoGesture
490,24.5,33.91459321975708,NoGesture,0.0,0.8,NoGesture
491,24.55,33.975605964660645,GESTURE,0.8212716521368602,0.8,GESTURE
492,24.6,34.03861618041992,GESTURE,0.8476355349616224,0.8,GESTURE
493,24.65,34.09762787818909,GESTURE,0.8461569927568491,0.8,GESTURE
494,24.7,34.17313575744629,GESTURE,0.8802855150954071,0.8,GESTURE
495,24.75,34.24802088737488,GESTURE,0.8531721935679843,0.8,GESTURE
496,24.8,34.32403349876404,GESTURE,0.8494422491394573,0.8,GESTURE
497,24.85,34.398558378219604,GESTURE,0.8893112346967935,0.8,GESTURE
498,24.9,34.45856833457947,GESTURE,0.8957106411782473,0.8,GESTURE
499,24.95,34.51892828941345,GESTURE,0.8913703946442681,0.8,GESTURE
500,25.0,34.57943367958069,NoGesture,0.0,0.8,NoGesture
501,25.05,34.63974714279175,NoGesture,0.0,0.8,NoGesture
502,25.1,34.71430468559265,NoGesture,0.0,0.8,NoGesture
503,25.15,34.77680945396423,NoGesture,0.0,0.8,NoGesture
504,25.2,34.835317850112915,NoGesture,0.0,0.8,NoGesture
505,25.25,34.91032075881958,NoGesture,0.0,0.8,NoGesture
506,25.3,34.970627784729004,NoGesture,0.0,0.8,NoGesture
507,25.35,35.03413462638855,NOGESTURE,0.8583209527302746,0.8,NOGESTURE
508,25.4,35.10713458061218,NOGESTURE,0.8425110389229704,0.8,NOGESTURE
509,25.45,35.16746282577515,NOGESTURE,0.8267587770735493,0.8,NOGESTURE
510,25.5,35.2283821105957,NoGesture,0.0,0.8,NoGesture
511,25.55,35.288382053375244,NoGesture,0.0,0.8,NoGesture
512,25.6,35.348440170288086,NoGesture,0.0,0.8,NoGesture
513,25.65,35.409013509750366,NoGesture,0.0,0.8,NoGesture
514,25.7,35.47051787376404,NoGesture,0.0,0.8,NoGesture
515,25.75,35.53174829483032,NoGesture,0.0,0.8,NoGesture
516,25.8,35.60836338996887,NoGesture,0.0,0.8,NoGesture
517,25.85,35.68252110481262,NoGesture,0.0,0.8,NoGesture
518,25.9,35.75802826881409,NoGesture,0.0,0.8,NoGesture
519,25.95,35.81862950325012,NoGesture,0.0,0.8,NoGesture
520,26.0,35.894445180892944,NoGesture,0.0,0.8,NoGesture
521,26.05,35.985023736953735,NoGesture,0.0,0.8,NoGesture
522,26.1,36.046534061431885,NOGESTURE,0.8725351483236952,0.8,NOGESTURE
523,26.15,36.138615131378174,NOGESTURE,0.8588613748346733,0.8,NOGESTURE
524,26.2,36.199193239212036,NOGESTURE,0.8748427120295832,0.8,NOGESTURE
525,26.25,36.25170040130615,NOGESTURE,0.8990641488488348,0.8,NOGESTURE
526,26.3,36.29070019721985,NOGESTURE,0.9308517614330087,0.8,NOGESTURE
527,26.35,36.334211349487305,NOGESTURE,0.9435599155805425,0.8,NOGESTURE
528,26.4,36.37421131134033,NOGESTURE,0.9728689811821406,0.8,NOGESTURE
529,26.45,36.42587471008301,NOGESTURE,0.9820645293124668,0.8,NOGESTURE
530,26.5,36.48738479614258,NOGESTURE,0.9808752918918194,0.8,NOGESTURE
531,26.55,36.52939820289612,NOGESTURE,0.9839038059157947,0.8,NOGESTURE
532,26.6,36.578503370285034,NOGESTURE,0.9853276354144171,0.8,NOGESTURE
533,26.65,36.62340712547302,NOGESTURE,0.9877782876931894,0.8,NOGESTURE
534,26.7,36.66891264915466,NOGESTURE,0.9871956756807225,0.8,NOGESTURE
535,26.75,36.71491527557373,NOGESTURE,0.9857247758343123,0.8,NOGESTURE
536,26.8,36.75541973114014,NOGESTURE,0.9786263443340665,0.8,NOGESTURE
537,26.85,36.81992721557617,NOGESTURE,0.9870382330462802,0.8,NOGESTURE
538,26.9,36.86906361579895,NOGESTURE,0.9859038174446687,0.8,NOGESTURE
539,26.95,36.91106629371643,NOGESTURE,0.9882438074242549,0.8,NOGESTURE
540,27.0,36.95807886123657,NOGESTURE,0.992317225630072,0.8,NOGESTURE
541,27.05,37.002079486846924,NOGESTURE,0.9942723938286004,0.8,NOGESTURE
542,27.1,37.06315612792969,NOGESTURE,0.9937734170934599,0.8,NOGESTURE
543,27.15,37.16707730293274,NOGESTURE,0.9944514503683325,0.8,NOGESTURE
544,27.2,37.2833776473999,NOGESTURE,0.9926010732465622,0.8,NOGESTURE
545,27.25,37.32904076576233,NOGESTURE,0.9925607827403536,0.8,NOGESTURE
546,27.3,37.37764000892639,NOGESTURE,0.9943008943041122,0.8,NOGESTURE
547,27.35,37.42581033706665,NOGESTURE,0.9950762651194585,0.8,NOGESTURE
548,27.4,37.49427270889282,NOGESTURE,0.9932482284297982,0.8,NOGESTURE
549,27.45,37.55846667289734,NOGESTURE,0.9893703955501438,0.8,NOGESTURE
550,27.5,37.6094696521759,NOGESTURE,0.9676572771154665,0.8,NOGESTURE
551,27.55,37.66863465309143,NOGESTURE,0.9675500709461793,0.8,NOGESTURE
552,27.6,37.733705282211304,NOGESTURE,0.9530630999839041,0.8,NOGESTURE
553,27.65,37.797706842422485,NOGESTURE,0.9622553841697582,0.8,NOGESTURE
554,27.7,37.850215435028076,NOGESTURE,0.9792629194764122,0.8,NOGESTURE
555,27.75,37.897780895233154,NOGESTURE,0.9844958278360971,0.8,NOGESTURE
556,27.8,37.96427035331726,NOGESTURE,0.9895521095563383,0.8,NOGESTURE
557,27.85,38.02777647972107,NOGESTURE,0.9893820144737375,0.8,NOGESTURE
558,27.9,38.07577633857727,NOGESTURE,0.9818502796542091,0.8,NOGESTURE
559,27.95,38.12133526802063,NOGESTURE,0.9803439087918229,0.8,NOGESTURE
560,28.0,38.166348457336426,NOGESTURE,0.9875909140025986,0.8,NOGESTURE
561,28.05,38.21335315704346,NOGESTURE,0.9915398544205721,0.8,NOGESTURE
562,28.1,38.279858112335205,NOGESTURE,0.9952134750334592,0.8,NOGESTURE
563,28.15,38.33716034889221,NOGESTURE,0.9922411903572755,0.8,NOGESTURE
564,28.2,38.41023516654968,NOGESTURE,0.9907154258921173,0.8,NOGESTURE
565,28.25,38.47374105453491,NOGESTURE,0.9874299977558674,0.8,NOGESTURE
566,28.3,38.52125644683838,NOGESTURE,0.9854111187333311,0.8,NOGESTURE
567,28.35,38.57031559944153,NOGESTURE,0.9903109838677373,0.8,NOGESTURE
568,28.4,38.63642597198486,NOGESTURE,0.9911755701892508,0.8,NOGESTURE
569,28.45,38.68242597579956,NOGESTURE,0.9942785566617567,0.8,NOGESTURE
570,28.5,38.72893500328064,NOGESTURE,0.9945183549870741,0.8,NOGESTURE
571,28.55,38.78749680519104,NOGESTURE,0.995884334052197,0.8,NOGESTURE
572,28.6,38.863006353378296,NOGESTURE,0.9948074010611347,0.8,NOGESTURE
573,28.65,38.910006523132324,NOGESTURE,0.9947088257221672,0.8,NOGESTURE
574,28.7,38.98573350906372,NOGESTURE,0.9944994995357106,0.8,NOGESTURE
575,28.75,39.04424333572388,NOGESTURE,0.9928352211157825,0.8,NOGESTURE
576,28.8,39.09075212478638,NOGESTURE,0.9938589259072572,0.8,NOGESTURE
577,28.85,39.164482831954956,NOGESTURE,0.9933277238479672,0.8,NOGESTURE
